SourcePath,Functions,BaselineCopy,LocalRecoveryStatus,ArtifactDir
go-emby/activity.go,32,present_needs_version_review,reference_copy_unverified,go-emby
go-emby/admin_extra.go,6,present_needs_version_review,reference_copy_unverified,go-emby
go-emby/browse_sort.go,4,missing_reconstruct,pending_reconstruction,go-emby
go-emby/browsing.go,29,present_needs_version_review,reference_copy_unverified,go-emby
go-emby/catalog_batch.go,13,missing_reconstruct,pending_reconstruction,go-emby
go-emby/catalog_patch.go,16,missing_reconstruct,pending_reconstruction,go-emby
go-emby/client_response.go,3,present_needs_version_review,reference_copy_unverified,go-emby
go-emby/compat.go,12,present_needs_version_review,reference_copy_unverified,go-emby
go-emby/console.go,6,missing_reconstruct,pending_reconstruction,go-emby
go-emby/container_host.go,3,missing_reconstruct,pending_reconstruction,go-emby
go-emby/database.go,10,present_needs_version_review,reference_copy_unverified,go-emby
go-emby/direct_strm.go,1,present_needs_version_review,reference_copy_unverified,go-emby
go-emby/display_name.go,7,missing_reconstruct,pending_reconstruction,go-emby
go-emby/endpoint.go,2,present_needs_version_review,reference_copy_unverified,go-emby
go-emby/enhancements.go,5,present_needs_version_review,reference_copy_unverified,go-emby
go-emby/episode_counts.go,2,missing_reconstruct,pending_reconstruction,go-emby
go-emby/error_log.go,5,present_needs_version_review,reference_copy_unverified,go-emby
go-emby/fast_nanshare.go,17,missing_reconstruct,pending_reconstruction,go-emby
go-emby/fast_playback_route.go,3,missing_reconstruct,pending_reconstruction,go-emby
go-emby/favorites_cover.go,6,missing_reconstruct,pending_reconstruction,go-emby
go-emby/favorites.go,4,missing_reconstruct,pending_reconstruction,go-emby
go-emby/files_extra.go,10,missing_reconstruct,pending_reconstruction,go-emby
go-emby/files_rename.go,4,missing_reconstruct,pending_reconstruction,go-emby
go-emby/files_web.go,1,present_needs_version_review,reference_copy_unverified,go-emby
go-emby/files.go,17,present_needs_version_review,reference_copy_unverified,go-emby
go-emby/gateway.go,3,present_needs_version_review,reference_copy_unverified,go-emby
go-emby/image_authorization.go,2,missing_reconstruct,pending_reconstruction,go-emby
go-emby/image_upload_store.go,7,missing_reconstruct,pending_reconstruction,go-emby
go-emby/image_upload.go,1,present_needs_version_review,reference_copy_unverified,go-emby
go-emby/initials.go,3,present_needs_version_review,reference_copy_unverified,go-emby
go-emby/internal/licensesdk/license.go,13,present_needs_version_review,reference_copy_unverified,go-emby\internal\licensesdk
go-emby/intro_credits.go,17,missing_reconstruct,pending_reconstruction,go-emby
go-emby/intro_records.go,18,missing_reconstruct,pending_reconstruction,go-emby
go-emby/library_collage.go,9,missing_reconstruct,pending_reconstruction,go-emby
go-emby/library_paths.go,6,present_needs_version_review,reference_copy_unverified,go-emby
go-emby/library_posters.go,1,missing_reconstruct,pending_reconstruction,go-emby
go-emby/library_query.go,1,missing_reconstruct,pending_reconstruction,go-emby
go-emby/library_queue.go,18,present_needs_version_review,reference_copy_unverified,go-emby
go-emby/library_visibility.go,9,missing_reconstruct,pending_reconstruction,go-emby
go-emby/listen.go,1,missing_reconstruct,pending_reconstruction,go-emby
go-emby/login_compat.go,2,present_needs_version_review,reference_copy_unverified,go-emby
go-emby/main.go,57,present_needs_version_review,reference_copy_unverified,go-emby
go-emby/management_update.go,14,present_needs_version_review,reference_copy_unverified,go-emby
go-emby/media_events.go,16,missing_reconstruct,reconstructed_from_binary,go-emby
go-emby/media_manage.go,5,present_needs_version_review,reference_copy_unverified,go-emby
go-emby/media_probe_batch.go,22,missing_reconstruct,pending_reconstruction,go-emby
go-emby/media_probe_monitor.go,6,missing_reconstruct,pending_reconstruction,go-emby
go-emby/media_restore.go,4,present_needs_version_review,reference_copy_unverified,go-emby
go-emby/media_roots.go,2,present_needs_version_review,reference_copy_unverified,go-emby
go-emby/media_settings.go,29,present_needs_version_review,reference_copy_unverified,go-emby
go-emby/memory.go,3,present_needs_version_review,reference_copy_unverified,go-emby
go-emby/next_up.go,1,missing_reconstruct,pending_reconstruction,go-emby
go-emby/numeric_playback.go,2,missing_reconstruct,pending_reconstruction,go-emby
go-emby/pagination.go,14,present_needs_version_review,reference_copy_unverified,go-emby
go-emby/playback_admission.go,5,missing_reconstruct,reconstructed_from_binary,go-emby
go-emby/playback_source_lookup.go,1,missing_reconstruct,pending_reconstruction,go-emby
go-emby/probe_source.go,4,missing_reconstruct,pending_reconstruction,go-emby
go-emby/probe.go,10,present_needs_version_review,reference_copy_unverified,go-emby
go-emby/proxy_client.go,7,missing_reconstruct,reconstructed_from_binary,go-emby
go-emby/proxy_debug.go,14,present_needs_version_review,reference_copy_unverified,go-emby
go-emby/proxy_settings.go,5,missing_reconstruct,pending_reconstruction,go-emby
go-emby/redirect_log.go,5,present_needs_version_review,reference_copy_unverified,go-emby
go-emby/refresh_metadata.go,1,missing_reconstruct,pending_reconstruction,go-emby
go-emby/release_update.go,16,missing_reconstruct,pending_reconstruction,go-emby
go-emby/repair_behavior.go,8,present_needs_version_review,reference_copy_unverified,go-emby
go-emby/resume_hide.go,2,missing_reconstruct,pending_reconstruction,go-emby
go-emby/resume.go,3,missing_reconstruct,pending_reconstruction,go-emby
go-emby/scan_control.go,4,present_needs_version_review,reference_copy_unverified,go-emby
go-emby/scanner.go,27,present_needs_version_review,reference_copy_unverified,go-emby
go-emby/scraper_bangumi.go,4,missing_reconstruct,reconstructed_from_binary,go-emby
go-emby/scraper_control.go,11,missing_reconstruct,reconstructed_from_binary,go-emby
go-emby/scraper_fanart.go,2,missing_reconstruct,reconstructed_from_binary,go-emby
go-emby/scraper_files.go,8,missing_reconstruct,reconstructed_from_binary,go-emby
go-emby/scraper_images.go,3,missing_reconstruct,reconstructed_from_binary,go-emby
go-emby/scraper_language.go,6,missing_reconstruct,reconstructed_from_binary,go-emby
go-emby/scraper_monitor.go,13,missing_reconstruct,reconstructed_from_binary,go-emby
go-emby/scraper_providers.go,7,missing_reconstruct,reconstructed_from_binary,go-emby
go-emby/scraper_recognizer.go,17,missing_reconstruct,reconstructed_from_binary,go-emby
go-emby/scraper_scopes.go,13,missing_reconstruct,reconstructed_from_binary,go-emby
go-emby/scraper_tmdb.go,19,missing_reconstruct,reconstructed_from_binary,go-emby
go-emby/scraper.go,56,missing_reconstruct,reconstructed_from_binary,go-emby
go-emby/settings_secret.go,1,missing_reconstruct,pending_reconstruction,go-emby
go-emby/snapshot.go,9,present_needs_version_review,reference_copy_unverified,go-emby
go-emby/sorting.go,5,missing_reconstruct,pending_reconstruction,go-emby
go-emby/source_redirect.go,4,missing_reconstruct,pending_reconstruction,go-emby
go-emby/subtitle_activity.go,4,missing_reconstruct,pending_reconstruction,go-emby
go-emby/subtitle_assrt.go,6,missing_reconstruct,pending_reconstruction,go-emby
go-emby/subtitle_cache.go,3,missing_reconstruct,pending_reconstruction,go-emby
go-emby/subtitle_match.go,18,missing_reconstruct,pending_reconstruction,go-emby
go-emby/subtitle_media.go,7,missing_reconstruct,pending_reconstruction,go-emby
go-emby/subtitle_settings.go,4,missing_reconstruct,pending_reconstruction,go-emby
go-emby/subtitles.go,31,missing_reconstruct,pending_reconstruction,go-emby
go-emby/telegram_notify.go,10,missing_reconstruct,pending_reconstruction,go-emby
go-emby/telegram.go,9,missing_reconstruct,pending_reconstruction,go-emby
go-emby/thumbnails.go,4,present_needs_version_review,reference_copy_unverified,go-emby
go-emby/tmdb_demand.go,3,missing_reconstruct,pending_reconstruction,go-emby
go-emby/tmdb_images.go,12,missing_reconstruct,reconstructed_from_binary,go-emby
go-emby/tmdb.go,27,missing_reconstruct,pending_reconstruction,go-emby
go-emby/user_avatar.go,1,missing_reconstruct,pending_reconstruction,go-emby
go-emby/user_delete.go,2,missing_reconstruct,pending_reconstruction,go-emby
go-emby/user_identity.go,2,present_needs_version_review,reference_copy_unverified,go-emby
go-emby/user_management.go,7,missing_reconstruct,pending_reconstruction,go-emby
go-emby/versions.go,5,present_needs_version_review,reference_copy_unverified,go-emby
go-emby/watcher.go,10,present_needs_version_review,reference_copy_unverified,go-emby
go-emby/web_assets.go,1,missing_reconstruct,reconstructed_from_binary,go-emby
go-emby/zz_release_version_probe.go,1,missing_reconstruct,pending_reconstruction,go-emby
