SourcePath,BinaryFunction,Address,CurrentDeclaration,DeclarationStatus
companion/activity.go,main.(*App).newActivity,0x766d60,companion/activity.go:31,present_not_equivalence_verified
companion/activity.go,main.(*App).changeActivity,0x767400,companion/activity.go:54,present_not_equivalence_verified
companion/activity.go,main.(*App).activitySnapshot,0x767620,companion/activity.go:86,present_not_equivalence_verified
companion/activity.go,main.(*App).logPlayback,0x768220,companion/activity.go:132,present_not_equivalence_verified
companion/activity.go,main.(*App).updatePlaybackActivity,0x7691c0,companion/activity.go:190,present_not_equivalence_verified
companion/admin_extra.go,main.(*App).canPlay,0x7695c0,companion/admin_extra.go:24,present_not_equivalence_verified
companion/admin_extra.go,main.mediaPath,0x769700,companion/admin_extra.go:29,present_not_equivalence_verified
companion/admin_extra.go,main.(*App).extraAdmin,0x769820,companion/admin_extra.go:39,present_not_equivalence_verified
companion/admin_extra.go,main.(*App).checkPlayback,0x76ac80,companion/admin_extra.go:172,present_not_equivalence_verified
companion/browse_sort.go,main.(*App).latestAddedJoin,0x76b320,companion/browse_sort.go:33,present_not_equivalence_verified
companion/browse_sort.go,main.(*App).buildBrowseSortPlan,0x76b4c0,companion/browse_sort.go:42,present_not_equivalence_verified
companion/browse_sort.go,main.randomPivot,0x76be60,companion/browse_sort.go:95,present_not_equivalence_verified
companion/browsing.go,main.(*App).browseSchema,0x76bec0,companion/browsing.go:24,present_not_equivalence_verified
companion/browsing.go,main.personID,0x76bfa0,companion/browsing.go:34,present_not_equivalence_verified
companion/browsing.go,main.(*App).metadata,0x76c020,companion/browsing.go:35,present_not_equivalence_verified
companion/browsing.go,main.(*App).indexMetadataGeneration,0x76c400,companion/browsing.go:45,present_not_equivalence_verified
companion/browsing.go,main.safeImage,0x76d8e0,companion/browsing.go:129,present_not_equivalence_verified
companion/browsing.go,main.actorImage,0x76da40,companion/browsing.go:144,present_not_equivalence_verified
companion/browsing.go,main.(*App).imagePath,0x76dd80,companion/browsing.go:160,present_not_equivalence_verified
companion/browsing.go,main.(*App).imageTag,0x76f820,companion/browsing.go:255,present_not_equivalence_verified
companion/browsing.go,main.(*App).decorateImages,0x770060,companion/browsing.go:274,present_not_equivalence_verified
companion/browsing.go,main.imageRequest,0x770be0,companion/browsing.go:307,present_not_equivalence_verified
companion/browsing.go,main.(*App).taggedImage,0x770e40,companion/browsing.go:320,present_not_equivalence_verified
companion/browsing.go,main.(*App).serveImage,0x771740,companion/browsing.go:350,present_not_equivalence_verified
companion/browsing.go,main.(*App).rootDTO,0x7733c0,companion/browsing.go:486,present_not_equivalence_verified
companion/browsing.go,main.setQuery,0x7739e0,companion/browsing.go:489,present_not_equivalence_verified
companion/browsing.go,main.(*App).browseRoute,0x773c00,companion/browsing.go:499,present_not_equivalence_verified
companion/browsing.go,main.(*jsonCapture).Header,0x775460,companion/browsing.go:609,present_not_equivalence_verified
companion/browsing.go,main.(*jsonCapture).Write,0x775480,companion/browsing.go:610,present_not_equivalence_verified
companion/browsing.go,main.(*jsonCapture).WriteHeader,0x7754e0,companion/browsing.go:611,present_not_equivalence_verified
companion/browsing.go,main.(*App).personDTO,0x775500,companion/browsing.go:612,present_not_equivalence_verified
companion/browsing.go,main.(*App).personDetail,0x775ae0,companion/browsing.go:619,present_not_equivalence_verified
companion/browsing.go,main.(*App).persons,0x775c60,companion/browsing.go:636,present_not_equivalence_verified
companion/browsing.go,main.(*App).genres,0x777220,companion/browsing.go:729,present_not_equivalence_verified
companion/browsing.go,main.(*App).browseFilters,0x777ee0,companion/browsing.go:758,present_not_equivalence_verified
companion/browsing.go,main.browseOrder,0x7796a0,companion/browsing.go:851,present_not_equivalence_verified
companion/browsing.go,main.(*App).markActorImageFailure,0x77a260,companion/browsing.go:871,present_not_equivalence_verified
companion/browsing.go,main.episodeThumb,0x77a400,companion/browsing.go:877,present_not_equivalence_verified
companion/catalog_batch.go,main.catalogBatchFrom,0x77a5c0,companion/catalog_batch.go:20,present_not_equivalence_verified
companion/catalog_batch.go,main.catalogPlaceholders,0x77a640,companion/catalog_batch.go:13,present_not_equivalence_verified
companion/catalog_batch.go,main.(*App).prepareCatalogBatch,0x77a7c0,companion/catalog_batch.go:28,present_not_equivalence_verified
companion/catalog_batch.go,main.(*App).loadCatalogMediaBatch,0x77d5e0,companion/catalog_batch.go:153,present_not_equivalence_verified
companion/catalog_batch.go,main.(*App).cachedMediaForList,0x77e820,companion/catalog_batch.go:222,present_not_equivalence_verified
companion/catalog_batch.go,main.(*App).childCountForList,0x77e920,companion/catalog_batch.go:229,present_not_equivalence_verified
companion/catalog_batch.go,main.(*App).tmdbImageEligibleForList,0x77e9c0,companion/tmdb_demand.go:24,present_not_equivalence_verified
companion/catalog_batch.go,main.(*App).cachedTMDBForList,0x77eb80,companion/catalog_batch.go:245,present_not_equivalence_verified
companion/catalog_batch.go,main.(*App).enrichMediaForList,0x77fb20,companion/catalog_batch.go:274,present_not_equivalence_verified
companion/catalog_batch.go,main.(*App).playURLForList,0x780840,companion/catalog_batch.go:279,present_not_equivalence_verified
companion/catalog_batch.go,main.(*App).viewerSourceForList,0x780ee0,companion/catalog_batch.go:300,present_not_equivalence_verified
companion/catalog_batch.go,main.(*App).versionSourcesForList,0x7815a0,companion/catalog_batch.go:317,present_not_equivalence_verified
companion/catalog_patch.go,main.(*App).applyCardFields,0x781ba0,companion/catalog_patch.go:83,present_not_equivalence_verified
companion/catalog_patch.go,main.catalogLike,0x782d00,companion/catalog_patch.go:79,present_not_equivalence_verified
companion/catalog_patch.go,main.(*App).titleSearchWhere,0x782e80,companion/title_search.go:10,present_not_equivalence_verified
companion/catalog_patch.go,main.titleRankSQL,0x783500,companion/title_search.go:29,present_not_equivalence_verified
companion/catalog_patch.go,main.(*App).relevancePage,0x783ea0,companion/title_search.go:56,present_not_equivalence_verified
companion/catalog_patch.go,main.listStateDeferred,0x785700,companion/catalog_patch.go:11,present_not_equivalence_verified
companion/catalog_patch.go,main.deferListState,0x7857a0,companion/catalog_patch.go:15,present_not_equivalence_verified
companion/catalog_patch.go,main.catalogDTOFloat,0x785920,companion/play_state.go:33,present_not_equivalence_verified
companion/catalog_patch.go,main.catalogUserState,0x785a20,companion/play_state.go:13,present_not_equivalence_verified
companion/catalog_patch.go,main.(*App).fillPlayState,0x785f60,companion/play_state.go:50,present_not_equivalence_verified
companion/catalog_patch.go,main.(*App).playStateRoute,0x786a60,companion/play_state.go:107,present_not_equivalence_verified
companion/catalog_patch.go,main.(*App).prepareCardList,0x788420,companion/catalog_patch.go:22,present_not_equivalence_verified
companion/catalog_patch.go,main.(*App).applyCardCover,0x788a20,companion/catalog_patch.go:56,present_not_equivalence_verified
companion/client_response.go,main.(*clientResponse).WriteHeader,0x788d20,companion/client_response.go:11,present_not_equivalence_verified
companion/client_response.go,main.(*clientResponse).Write,0x788d80,companion/client_response.go:18,present_not_equivalence_verified
companion/client_response.go,main.(*clientResponse).Unwrap,0x788e40,companion/client_response.go:24,present_not_equivalence_verified
companion/compat.go,main.readSidecar,0x788e60,companion/compat.go:59,present_not_equivalence_verified
companion/compat.go,main.(*App).enrich,0x7893e0,companion/compat.go:87,present_not_equivalence_verified
companion/compat.go,main.(*App).enrichMedia,0x78afa0,companion/compat.go:171,present_not_equivalence_verified
companion/compat.go,main.(*App).playURL,0x78bc80,companion/compat.go:196,present_not_equivalence_verified
companion/compat.go,main.(*App).viewerSource,0x78c340,companion/compat.go:214,present_not_equivalence_verified
companion/compat.go,main.(*App).viewerDTO,0x78ca60,companion/compat.go:254,present_not_equivalence_verified
companion/compat.go,main.(*App).similar,0x78cf40,companion/compat.go:294,present_not_equivalence_verified
companion/compat.go,main.parentlessBrowse,0x78da80,companion/compat.go:352,present_not_equivalence_verified
companion/compat.go,main.(*App).libraryImageTags,0x78dc00,companion/compat.go:364,present_not_equivalence_verified
companion/compat.go,main.libraryTypes,0x78dfc0,companion/compat.go:379,present_not_equivalence_verified
companion/compat.go,main.mergeCachedMedia,0x78e0c0,companion/compat.go:389,present_not_equivalence_verified
companion/compat.go,main.(*App).normalizeBrowseTypes,0x78e6a0,companion/compat.go:426,present_not_equivalence_verified
companion/console.go,main.(*dashboardCPUSample).percent,0x78ed80,companion/console.go:16,present_not_equivalence_verified
companion/console.go,main.dashboardMemoryBytes,0x78f180,companion/console.go:36,present_not_equivalence_verified
companion/console.go,main.(*App).adminDashboard,0x78f400,companion/console.go:65,present_not_equivalence_verified
companion/console.go,main.padEpisodeNumber,0x790a00,companion/console.go:58,present_not_equivalence_verified
companion/container_host.go,main.containerHostGateway,0x790a80,companion/container_host.go:16,present_not_equivalence_verified
companion/container_host.go,main.localMappedSource,0x790bc0,companion/container_host.go:39,present_not_equivalence_verified
companion/container_host.go,main.localMappedSourceWith,0x790d40,companion/container_host.go:44,present_not_equivalence_verified
companion/database.go,main.bind,0x791700,companion/database.go:15,present_not_equivalence_verified
companion/database.go,main.openDatabase,0x791be0,companion/database.go:43,present_not_equivalence_verified
companion/database.go,main.(*Database).Exec,0x791d00,companion/database.go:58,present_not_equivalence_verified
companion/database.go,main.(*Database).Query,0x791ea0,companion/database.go:61,present_not_equivalence_verified
companion/database.go,main.(*Database).QueryRow,0x792060,companion/database.go:64,present_not_equivalence_verified
companion/database.go,main.(*Database).Begin,0x792200,companion/database.go:65,present_not_equivalence_verified
companion/database.go,main.(*Transaction).Exec,0x7922c0,companion/database.go:72,present_not_equivalence_verified
companion/database.go,main.(*Transaction).QueryRow,0x792460,companion/database.go:78,present_not_equivalence_verified
companion/database.go,main.(*Transaction).Prepare,0x792600,companion/database.go:81,present_not_equivalence_verified
companion/database.go,main.postgresBackupEnv,0x792680,companion/database.go:96,present_not_equivalence_verified
companion/direct_strm.go,main.embyVideoLocation,0x792be0,companion/direct_strm.go:13,present_not_equivalence_verified
companion/display_name.go,main.splitDisplaySuffix,0x792ec0,companion/display_name.go:15,present_not_equivalence_verified
companion/display_name.go,main.localDisplayFallback,0x7932e0,companion/display_name.go:48,present_not_equivalence_verified
companion/display_name.go,main.episodeDisplayName,0x7938c0,companion/display_name.go:79,present_not_equivalence_verified
companion/display_name.go,main.episodeReleaseTitle,0x793a80,companion/display_name.go:92,present_not_equivalence_verified
companion/display_name.go,main.chineseEpisodeNumber,0x793c80,companion/display_name.go:107,present_not_equivalence_verified
companion/display_name.go,main.displayName,0x793f40,companion/display_name.go:140,present_not_equivalence_verified
companion/display_name.go,main.(*App).applyDisplayName,0x794520,companion/display_name.go:180,present_not_equivalence_verified
companion/endpoint.go,main.endpointInfo,0x794de0,companion/endpoint.go:10,present_not_equivalence_verified
companion/endpoint.go,main.serveEndpoint,0x795100,companion/endpoint.go:22,present_not_equivalence_verified
companion/enhancements.go,main.(*App).defaultOn,0x795340,companion/enhancements.go:14,present_not_equivalence_verified
companion/enhancements.go,main.(*App).favoritesEnabled,0x795460,companion/enhancements.go:10,present_not_equivalence_verified
companion/enhancements.go,main.(*App).enhancementValues,0x795520,companion/enhancements.go:19,present_not_equivalence_verified
companion/enhancements.go,main.(*App).enhancementSettings,0x795b80,companion/enhancements.go:22,present_not_equivalence_verified
companion/episode_counts.go,main.(*App).fillEpisodeCounts,0x796ba0,companion/episode_counts.go:4,present_not_equivalence_verified
companion/error_log.go,main.(*errorResponse).WriteHeader,0x7975a0,companion/error_log.go:17,present_not_equivalence_verified
companion/error_log.go,main.(*errorResponse).Write,0x797600,companion/error_log.go:24,present_not_equivalence_verified
companion/error_log.go,main.(*errorResponse).Unwrap,0x797800,companion/error_log.go:37,present_not_equivalence_verified
companion/error_log.go,main.(*App).recordError,0x797820,companion/error_log.go:38,present_not_equivalence_verified
companion/fast_nanshare.go,main.(*App).nanShareFastEnabled,0x797be0,companion/fast_nanshare.go:16,present_not_equivalence_verified
companion/fast_nanshare.go,main.(*App).fastPathWaitSeconds,0x797ca0,companion/fast_nanshare.go:21,present_not_equivalence_verified
companion/fast_nanshare.go,main.fastHTTPSource,0x797d80,companion/fast_nanshare.go:299,present_not_equivalence_verified
companion/fast_nanshare.go,main.(*App).fastNanShareLog,0x797e60,companion/fast_nanshare.go:31,present_not_equivalence_verified
companion/fast_nanshare.go,main.fastNanShareKey,0x797f00,companion/fast_nanshare.go:36,present_not_equivalence_verified
companion/fast_nanshare.go,main.fastContinuationQuery,0x798500,companion/fast_nanshare.go:51,present_not_equivalence_verified
companion/fast_nanshare.go,main.fastContinuation,0x798720,companion/fast_nanshare.go:64,present_not_equivalence_verified
companion/fast_nanshare.go,main.writeFastContinuation,0x798800,companion/fast_nanshare.go:79,present_not_equivalence_verified
companion/fast_nanshare.go,main.(*App).tryFastNanShare,0x798b80,companion/fast_nanshare.go:95,present_not_equivalence_verified
companion/fast_nanshare.go,main.writeFastNanShare,0x799dc0,companion/fast_nanshare.go:190,present_not_equivalence_verified
companion/fast_nanshare.go,main.resolveFastNanShareWithin,0x799fa0,companion/fast_nanshare.go:196,present_not_equivalence_verified
companion/fast_nanshare.go,main.fastNanShareExpiry,0x79a9e0,companion/fast_nanshare.go:228,present_not_equivalence_verified
companion/fast_nanshare.go,main.fastSourceRequestURL,0x79b420,companion/fast_nanshare.go:278,present_not_equivalence_verified
companion/fast_playback_route.go,main.fastPlaybackSourceURL,0x79b7c0,companion/fast_playback_route.go:9,present_not_equivalence_verified
companion/fast_playback_route.go,main.fastPlaybackURL,0x79b8e0,companion/fast_playback_route.go:20,present_not_equivalence_verified
companion/fast_playback_route.go,main.fastPlaybackItem,0x79baa0,companion/fast_playback_route.go:34,present_not_equivalence_verified
companion/favorites.go,main.favoriteQuery,0x79bc00,companion/favorites.go:8,present_not_equivalence_verified
companion/favorites.go,main.(*App).userLibraryDTOs,0x79bd00,companion/favorites.go:20,present_not_equivalence_verified
companion/favorites.go,main.(*App).userRootDTO,0x79c4c0,companion/favorites.go:66,present_not_equivalence_verified
companion/favorites.go,main.(*App).respondUserLibraries,0x79c5c0,companion/favorites.go:72,present_not_equivalence_verified
companion/favorites_cover.go,main.(*App).favoriteCoverRevision,0x79c7c0,companion/favorites_cover.go:13,present_not_equivalence_verified
companion/favorites_cover.go,main.(*App).favoriteCollageRevision,0x79c8e0,companion/favorites_cover.go:19,present_not_equivalence_verified
companion/favorites_cover.go,main.(*App).storeFavoriteCover,0x79cb20,companion/favorites_cover.go:27,present_not_equivalence_verified
companion/favorites_cover.go,main.(*App).favoriteCoverRoute,0x79d120,companion/favorites_cover.go:56,present_not_equivalence_verified
companion/files.go,main.fileName,0x79e0a0,companion/files.go:32,present_not_equivalence_verified
companion/files.go,main.fileCheck,0x79e260,companion/files.go:41,present_not_equivalence_verified
companion/files.go,main.fileFail,0x79e3c0,companion/files.go:52,present_not_equivalence_verified
companion/files.go,main.(*App).filesAPI,0x79e5c0,companion/files.go:63,present_not_equivalence_verified
companion/files.go,main.(*App).listFiles,0x79fbc0,companion/files.go:93,present_not_equivalence_verified
companion/files.go,main.(*App).filesAvailable,0x7a1180,companion/files.go:129,present_not_equivalence_verified
companion/files.go,main.(*App).filesChanged,0x7a2140,companion/files.go:148,present_not_equivalence_verified
companion/files_extra.go,main.(*App).filesExtraAPI,0x7a25e0,,missing
companion/files_extra.go,main.fileLeaf,0x7a2c80,,missing
companion/files_extra.go,main.(*App).filesMkdir,0x7a2d80,,missing
companion/files_extra.go,main.(*App).filesMove,0x7a31e0,,missing
companion/files_extra.go,main.(*App).filesUpload,0x7a4040,,missing
companion/files_extra.go,main.(*App).filesDownload,0x7a46a0,,missing
companion/files_rename.go,main.(*App).filesRenameAPI,0x7a4b20,,missing
companion/files_web.go,main.(*App).filesRoute,0x7a54e0,companion/files_web.go:3,present_not_equivalence_verified
companion/gateway.go,main.isVideoRequest,0x7a5760,companion/gateway.go:64,present_not_equivalence_verified
companion/gateway.go,main.safeProxyError,0x7a5800,companion/gateway.go:151,present_not_equivalence_verified
companion/gateway.go,main.isStreamRoute,0x7a58e0,companion/gateway.go:71,present_not_equivalence_verified
companion/image_authorization.go,main.(*App).authorizedImageTag,0x7a59c0,companion/image_authorization.go:12,present_not_equivalence_verified
companion/image_authorization.go,main.(*App).scopedTaggedImage,0x7a5d60,companion/image_authorization.go:62,present_not_equivalence_verified
companion/image_upload.go,main.(*App).imageUploadRoute,0x7a63e0,companion/image_upload.go:13,present_not_equivalence_verified
companion/image_upload_store.go,main.userImagePath,0x7a6d20,companion/image_upload_store.go:14,present_not_equivalence_verified
companion/image_upload_store.go,main.userImageFile,0x7a6f00,companion/image_upload_store.go:29,present_not_equivalence_verified
companion/image_upload_store.go,main.saveUserImage,0x7a7040,companion/image_upload_store.go:40,present_not_equivalence_verified
companion/image_upload_store.go,main.deleteUserImage,0x7a75c0,companion/image_upload_store.go:80,present_not_equivalence_verified
companion/image_upload_store.go,main.serveUserImage,0x7a7720,companion/image_upload_store.go:90,present_not_equivalence_verified
companion/initials.go,main.(*App).initialsSchema,0x7a7ae0,companion/initials.go:14,present_not_equivalence_verified
companion/intro_credits.go,main.defaultIntroConfig,0x7a7cc0,companion/intro_credits.go:17,present_not_equivalence_verified
companion/intro_credits.go,main.(*App).loadIntroSettings,0x7a7d80,companion/intro_credits.go:41,present_not_equivalence_verified
companion/intro_credits.go,main.(*App).introSettingsAPI,0x7a8840,companion/intro_credits.go:109,present_not_equivalence_verified
companion/intro_credits.go,main.(*App).clearIntroRecords,0x7a8fa0,companion/intro_credits.go:181,present_not_equivalence_verified
companion/intro_credits.go,main.(*App).recordIntroEvent,0x7a9520,companion/intro_credits.go:214,present_not_equivalence_verified
companion/intro_credits.go,main.(*App).introWorker,0x7aa540,companion/intro_credits.go:297,present_not_equivalence_verified
companion/intro_credits.go,main.(*App).aggregateIntroCandidate,0x7aa620,companion/intro_credits.go:321,present_not_equivalence_verified
companion/intro_credits.go,main.(*App).introLog,0x7abf80,companion/intro_credits.go:414,present_not_equivalence_verified
companion/intro_credits.go,main.(*App).introChapters,0x7ac160,companion/intro_credits.go:419,present_not_equivalence_verified
companion/intro_records.go,main.mergeIntroRecord,0x7acbc0,companion/intro_records.go:30,present_not_equivalence_verified
companion/intro_records.go,main.validateIntroDirectory,0x7ad300,companion/intro_records.go:54,present_not_equivalence_verified
companion/intro_records.go,main.introRecordPath,0x7adc60,companion/intro_records.go:119,present_not_equivalence_verified
companion/intro_records.go,main.introImportPath,0x7add60,companion/intro_records.go:123,present_not_equivalence_verified
companion/intro_records.go,main.clearIntroRecordFiles,0x7adea0,companion/intro_records.go:203,present_not_equivalence_verified
companion/intro_records.go,main.migrateIntroDirectory,0x7ae180,companion/intro_records.go:260,present_not_equivalence_verified
companion/intro_records.go,main.(*App).seedIntroRecordFiles,0x7aeee0,companion/intro_records.go:299,present_not_equivalence_verified
companion/intro_records.go,main.(*App).queueIntroRecord,0x7afac0,companion/intro_records.go:357,present_not_equivalence_verified
companion/intro_records.go,main.(*App).introRecordWorker,0x7afc60,companion/intro_records.go:365,present_not_equivalence_verified
companion/intro_records.go,main.writeIntroRecord,0x7b0720,companion/intro_records.go:155,present_not_equivalence_verified
companion/intro_records.go,main.(*App).loadIntroRecords,0x7b0fc0,companion/intro_records.go:421,present_not_equivalence_verified
companion/intro_records.go,main.(*App).applyIntroRecord,0x7b17c0,companion/intro_records.go:447,present_not_equivalence_verified
companion/library_collage.go,main.(*App).collageSourceExists,0x7b2520,companion/library_collage.go:57,present_not_equivalence_verified
companion/library_collage.go,main.(*App).collageSource,0x7b2760,companion/library_collage.go:68,present_not_equivalence_verified
companion/library_collage.go,main.(*App).collageItems,0x7b2e40,companion/library_collage.go:119,present_not_equivalence_verified
companion/library_collage.go,main.(*App).renderLibraryCollage,0x7b3be0,companion/library_collage.go:174,present_not_equivalence_verified
companion/library_collage.go,main.(*App).serveLibraryCollage,0x7b43a0,companion/library_collage.go:233,present_not_equivalence_verified
companion/library_collage.go,main.cacheLibraryCollage,0x7b4c40,companion/library_collage.go:279,present_not_equivalence_verified
companion/library_paths.go,main.(*App).libraryPaths,0x7b5120,companion/library_paths.go:12,present_not_equivalence_verified
companion/library_paths.go,main.(*App).libraryFolders,0x7b52e0,companion/library_paths.go:25,present_not_equivalence_verified
companion/library_posters.go,main.(*App).libraryPoster,0x7b6c20,companion/library_collage.go:307,present_not_equivalence_verified
companion/library_query.go,main.(*App).queryVirtualFolders,0x7b74e0,companion/library_query.go:8,present_not_equivalence_verified
companion/library_queue.go,main.(*App).requestLibraryScans,0x7b7a60,companion/library_queue.go:100,present_not_equivalence_verified
companion/library_queue.go,main.(*App).jobLimit,0x7b8dc0,companion/library_queue.go:23,present_not_equivalence_verified
companion/library_queue.go,main.(*App).displayName,0x7b8ee0,companion/library_queue.go:36,present_not_equivalence_verified
companion/library_queue.go,main.(*App).maskedKey,0x7b8fa0,companion/library_queue.go:44,present_not_equivalence_verified
companion/library_queue.go,main.(*App).dispatchLibraryJobs,0x7b90c0,companion/library_queue.go:54,present_not_equivalence_verified
companion/library_queue.go,main.(*App).acquireLibraryJob,0x7b9480,companion/library_queue.go:78,present_not_equivalence_verified
companion/library_queue.go,main.(*App).wakeLibraryJobs,0x7b9800,companion/library_queue.go:98,present_not_equivalence_verified
companion/library_visibility.go,main.(*App).libraryVisibilitySchema,0x7b9900,companion/library_visibility.go:194,present_not_equivalence_verified
companion/library_visibility.go,main.(*App).canViewHiddenLibraries,0x7b99c0,companion/library_visibility.go:202,present_not_equivalence_verified
companion/library_visibility.go,main.(*App).mediaForUser,0x7b9ac0,companion/library_visibility.go:38,present_not_equivalence_verified
companion/library_visibility.go,main.scopeMediaSQL,0x7ba1a0,companion/library_visibility.go:22,present_not_equivalence_verified
companion/library_visibility.go,main.(*App).updateLibraryVisibility,0x7ba440,companion/library_visibility.go:148,present_not_equivalence_verified
companion/library_visibility.go,main.(*App).librarySettings,0x7ba7a0,companion/library_visibility.go:78,present_not_equivalence_verified
companion/listen.go,main.serverListenAddress,0x7bb380,companion/listen.go:10,present_not_equivalence_verified
companion/login_compat.go,main.(*App).loginSession,0x7bb480,companion/login_compat.go:10,present_not_equivalence_verified
companion/login_compat.go,main.loginBody,0x7bc120,companion/login_compat.go:44,present_not_equivalence_verified
companion/main.go,main.id,0x7bc440,companion/main.go:81,present_not_equivalence_verified
companion/main.go,main.digest,0x7bc520,companion/main.go:88,present_not_equivalence_verified
companion/main.go,main.respond,0x7bd220,companion/main.go:145,present_not_equivalence_verified
companion/main.go,main.fail,0x7bd400,companion/main.go:149,present_not_equivalence_verified
companion/main.go,main.body,0x7bd6e0,companion/main.go:154,present_not_equivalence_verified
companion/main.go,main.q,0x7bd8e0,companion/main.go:162,present_not_equivalence_verified
companion/main.go,main.field,0x7bda00,companion/main.go:173,present_not_equivalence_verified
companion/main.go,main.token,0x7bdc00,companion/main.go:183,present_not_equivalence_verified
companion/main.go,main.device,0x7bdec0,companion/main.go:191,present_not_equivalence_verified
companion/main.go,main.(*App).auth,0x7be000,companion/main.go:199,present_not_equivalence_verified
companion/main.go,main.(*App).userDTO,0x7be4c0,companion/main.go:217,present_not_equivalence_verified
companion/main.go,main.embyPath,0x7bfea0,companion/main.go:235,present_not_equivalence_verified
companion/main.go,main.(*App).login,0x7bffc0,companion/main.go:246,present_not_equivalence_verified
companion/main.go,main.(*App).serverInfo,0x7c0d20,companion/main.go:299,present_not_equivalence_verified
companion/main.go,main.(*App).serve,0x7c1260,companion/main.go:302,present_not_equivalence_verified
companion/main.go,main.(*App).users,0x7c6400,companion/main.go:682,present_not_equivalence_verified
companion/main.go,main.(*App).password,0x7c68a0,companion/main.go:710,present_not_equivalence_verified
companion/main.go,main.(*App).admin,0x7c7040,companion/main.go:769,present_not_equivalence_verified
companion/main.go,main.(*App).libraries,0x7ca7e0,companion/main.go:1035,present_not_equivalence_verified
companion/main.go,main.(*App).libraryDTOs,0x7cb320,companion/main.go:1058,present_not_equivalence_verified
companion/main.go,main.readItem,0x7cc120,companion/main.go:1077,present_not_equivalence_verified
companion/main.go,main.(*App).item,0x7cc460,companion/main.go:1083,present_not_equivalence_verified
companion/main.go,main.(*App).dto,0x7cc620,companion/main.go:1086,present_not_equivalence_verified
companion/main.go,main.(*App).source,0x7cd340,companion/main.go:1103,present_not_equivalence_verified
companion/main.go,main.(*App).single,0x7cda60,companion/main.go:1110,present_not_equivalence_verified
companion/main.go,main.(*App).items,0x7ce2a0,companion/main.go:1144,present_not_equivalence_verified
companion/main.go,main.(*App).playback,0x7d0ac0,companion/main.go:1318,present_not_equivalence_verified
companion/main.go,main.(*App).stream,0x7d1580,companion/main.go:1333,present_not_equivalence_verified
companion/main.go,main.(*App).backup,0x7d22e0,companion/main.go:1395,present_not_equivalence_verified
companion/main.go,main.main,0x7d28a0,companion/main.go:1431,present_not_equivalence_verified
companion/management_update.go,main.(*App).createLibrary,0x7d3d40,companion/management_update.go:12,present_not_equivalence_verified
companion/management_update.go,main.(*App).getScanSchedule,0x7d4bc0,companion/management_update.go:85,present_not_equivalence_verified
companion/management_update.go,main.nextScan,0x7d4d60,companion/management_update.go:93,present_not_equivalence_verified
companion/management_update.go,main.(*App).saveScanSchedule,0x7d5120,companion/management_update.go:109,present_not_equivalence_verified
companion/management_update.go,main.(*App).scanScheduleAPI,0x7d5260,companion/management_update.go:114,present_not_equivalence_verified
companion/management_update.go,main.(*App).runScanSchedule,0x7d57e0,companion/management_update.go:141,present_not_equivalence_verified
companion/management_update.go,main.(*App).authWarning,0x7d5c40,companion/management_update.go:160,present_not_equivalence_verified
companion/management_update.go,main.(*App).playbackProgress,0x7d6220,companion/management_update.go:182,present_not_equivalence_verified
companion/media_events.go,main.(*mediaEventHub).subscribe,0x7d6ba0,companion/media_events.go:11,present_not_equivalence_verified
companion/media_events.go,main.(*mediaEventHub).publish,0x7d6de0,companion/media_events.go:29,present_not_equivalence_verified
companion/media_events.go,main.refreshPathsOverlap,0x7d6fe0,companion/media_events.go:40,present_not_equivalence_verified
companion/media_events.go,main.compactRefreshPaths,0x7d7180,companion/media_events.go:45,present_not_equivalence_verified
companion/media_events.go,main.(*App).takeQueuedRefresh,0x7d7720,companion/media_events.go:73,present_not_equivalence_verified
companion/media_events.go,main.(*App).markScraperRefresh,0x7d7c60,companion/media_events.go:90,present_not_equivalence_verified
companion/media_events.go,main.(*App).automaticRefreshOwner,0x7d8060,companion/media_events.go:110,present_not_equivalence_verified
companion/media_events.go,main.(*App).queueBatchRefresh,0x7d81a0,companion/media_events.go:121,present_not_equivalence_verified
companion/media_events.go,main.(*App).cancelScraperRefreshQueue,0x7d9280,companion/media_events.go:214,present_not_equivalence_verified
companion/media_manage.go,main.(*App).manageMediaItem,0x7d9600,companion/media_manage.go:11,present_not_equivalence_verified
companion/media_manage.go,main.prefixedCols,0x7db220,companion/media_manage.go:169,present_not_equivalence_verified
companion/media_manage.go,main.resolveMissingMediaPath,0x7db340,companion/media_manage.go:177,present_not_equivalence_verified
companion/media_probe_batch.go,main.(*App).probeRootOptions,0x7db4e0,companion/media_probe_batch.go:16,present_not_equivalence_verified
companion/media_probe_batch.go,main.(*App).sanitizeProbeRoots,0x7db8c0,companion/media_probe_batch.go:26,present_not_equivalence_verified
companion/media_probe_batch.go,main.(*App).probeAutomation,0x7dbe80,companion/media_probe_batch.go:45,present_not_equivalence_verified
companion/media_probe_batch.go,main.(*App).storeProbeAutomation,0x7dc1c0,companion/media_probe_batch.go:71,present_not_equivalence_verified
companion/media_probe_batch.go,main.(*App).stopProbeBatchLocked,0x7dc2a0,companion/media_probe_batch.go:80,present_not_equivalence_verified
companion/media_probe_batch.go,main.(*App).mediaProbeAutomationAPI,0x7dc3a0,companion/media_probe_batch.go:93,present_not_equivalence_verified
companion/media_probe_batch.go,main.(*App).probeAutomationLocked,0x7dcf80,companion/media_probe_batch.go:51,present_not_equivalence_verified
companion/media_probe_batch.go,main.(*App).mediaProbeBatchAPI,0x7dd240,companion/media_probe_batch.go:163,present_not_equivalence_verified
companion/media_probe_batch.go,main.(*App).probeBatchPage,0x7de400,companion/media_probe_batch.go:244,present_not_equivalence_verified
companion/media_probe_batch.go,main.(*App).probeBatchJobResult,0x7ded40,companion/media_probe_batch.go:275,present_not_equivalence_verified
companion/media_probe_batch.go,main.(*App).runProbeBatch,0x7defa0,companion/media_probe_batch.go:292,present_not_equivalence_verified
companion/media_probe_monitor.go,main.probeMonitorPath,0x7e0d40,companion/media_probe_monitor.go:19,present_not_equivalence_verified
companion/media_probe_monitor.go,main.probeMonitorStat,0x7e0f00,companion/media_probe_monitor.go:26,present_not_equivalence_verified
companion/media_probe_monitor.go,main.(*App).monitorMediaProbe,0x7e10a0,companion/media_probe_monitor.go:53,present_not_equivalence_verified
companion/media_restore.go,main.keeperMedia,0x7e26c0,companion/media_restore.go:13,present_not_equivalence_verified
companion/media_restore.go,main.(*App).restoreMediaInfo,0x7e2b60,companion/media_restore.go:45,present_not_equivalence_verified
companion/media_roots.go,main.mediaRoots,0x7e3ca0,companion/media_roots.go:10,present_not_equivalence_verified
companion/media_roots.go,main.allowedMediaPath,0x7e3ec0,companion/media_roots.go:24,present_not_equivalence_verified
companion/media_settings.go,main.safeProbeError,0x7e4000,companion/media_probe_queue.go:12,present_not_equivalence_verified
companion/media_settings.go,main.(*App).probeError,0x7e40e0,companion/media_probe_queue.go:19,present_not_equivalence_verified
companion/media_settings.go,main.(*App).probeSettings,0x7e44c0,companion/media_settings.go:52,present_not_equivalence_verified
companion/media_settings.go,main.(*App).mediaProbeStatus,0x7e46e0,companion/media_probe_queue.go:30,present_not_equivalence_verified
companion/media_settings.go,main.(*App).mediaSettings,0x7e4a80,companion/media_settings.go:66,present_not_equivalence_verified
companion/media_settings.go,main.(*App).queueProbeRequest,0x7e5920,companion/media_probe_queue.go:43,present_not_equivalence_verified
companion/media_settings.go,main.(*App).queueProbeContext,0x7e5a80,companion/media_probe_queue.go:47,present_not_equivalence_verified
companion/media_settings.go,main.(*App).queueProbeWithOwner,0x7e5be0,companion/media_probe_queue.go:57,present_not_equivalence_verified
companion/media_settings.go,main.(*App).cancelProbeOwner,0x7e65a0,companion/media_probe_queue.go:100,present_not_equivalence_verified
companion/media_settings.go,main.(*App).dispatchProbesLocked,0x7e6bc0,companion/media_settings.go:157,present_not_equivalence_verified
companion/media_settings.go,main.(*App).preloadNext,0x7e78e0,companion/media_settings.go:207,present_not_equivalence_verified
companion/media_settings.go,main.writeMediaFile,0x7e7d00,companion/media_probe_queue.go:135,present_not_equivalence_verified
companion/media_settings.go,main.(*App).saveMedia,0x7e8140,companion/media_settings.go:256,present_not_equivalence_verified
companion/media_settings.go,main.(*App).archivedMedia,0x7e8840,companion/media_settings.go:276,present_not_equivalence_verified
companion/media_settings.go,main.(*App).cleanupMedia,0x7e8a20,companion/media_settings.go:287,present_not_equivalence_verified
companion/media_settings.go,main.(*App).migrateMedia,0x7e91e0,companion/media_settings.go:337,present_not_equivalence_verified
companion/media_settings.go,main.(*App).queueBrowseMediaInfo,0x7ea260,companion/media_probe_queue.go:139,present_not_equivalence_verified
companion/memory.go,main.(*App).reclaimIdleMemory,0x7ea400,companion/memory.go:11,present_not_equivalence_verified
companion/memory.go,main.(*App).reclaimIdleMemoryOnce,0x7ea520,companion/memory.go:19,present_not_equivalence_verified
companion/next_up.go,main.(*App).nextUp,0x7ea760,companion/next_up.go:9,present_not_equivalence_verified
companion/numeric_playback.go,main.numericPlaybackID,0x7eb0a0,companion/numeric_playback.go:9,present_not_equivalence_verified
companion/numeric_playback.go,main.canonicalPlaybackID,0x7eb240,companion/numeric_playback.go:20,present_not_equivalence_verified
companion/pagination.go,main.(*App).pageSignature,0x7eb3c0,companion/pagination.go:35,present_not_equivalence_verified
companion/pagination.go,main.(*App).encodePage,0x7eb7e0,companion/pagination.go:39,present_not_equivalence_verified
companion/pagination.go,main.(*App).decodePage,0x7eb940,companion/pagination.go:45,present_not_equivalence_verified
companion/pagination.go,main.(*App).pageStart,0x7ebf20,companion/pagination.go:78,present_not_equivalence_verified
companion/pagination.go,main.(*App).savePage,0x7ec560,companion/pagination.go:108,present_not_equivalence_verified
companion/pagination.go,main.browseSortHolders,0x7ecac0,companion/browse_pagination.go:21,present_not_equivalence_verified
companion/pagination.go,main.stringValues,0x7ed020,companion/browse_pagination.go:52,present_not_equivalence_verified
companion/pagination.go,main.(*App).pageItems,0x7ed260,companion/pagination.go:157,present_not_equivalence_verified
companion/pagination.go,main.(*App).listDTO,0x7ef0c0,companion/pagination.go:177,present_not_equivalence_verified
companion/pagination.go,main.(*App).listDTOs,0x7f0e80,companion/pagination.go:227,present_not_equivalence_verified
companion/pagination.go,main.(*App).listImageTag,0x7f1480,companion/pagination.go:246,present_not_equivalence_verified
companion/pagination.go,main.requestedField,0x7f1680,companion/pagination.go:252,present_not_equivalence_verified
companion/playback_admission.go,main.playbackAdmissionError,0x7f17a0,companion/playback_admission.go:16,present_not_equivalence_verified
companion/playback_admission.go,main.(*App).playbackPermission,0x7f1980,companion/playback_admission.go:26,present_not_equivalence_verified
companion/playback_admission.go,main.(*App).reserveContext,0x7f1c20,companion/playback_admission.go:46,present_not_equivalence_verified
companion/playback_source_lookup.go,main.backendPlaybackSourceLookup,0x7f2620,companion/playback_source_lookup.go:9,present_not_equivalence_verified
companion/probe.go,main.(*App).probeMedia,0x7f2960,companion/probe.go:16,present_not_equivalence_verified
companion/probe.go,main.probeOutputWithRetry,0x7f2d40,companion/repair_behavior.go:69,present_not_equivalence_verified
companion/probe.go,main.(*App).extractMedia,0x7f2e40,companion/probe.go:46,present_not_equivalence_verified
companion/probe.go,main.(*App).cachedMedia,0x7f5120,companion/probe.go:244,present_not_equivalence_verified
companion/probe.go,main.remoteMediaSizeWithHost,0x7f5520,companion/probe.go:268,present_not_equivalence_verified
companion/probe.go,main.parseFrameRate,0x7f5a40,companion/probe.go:301,present_not_equivalence_verified
companion/probe.go,main.pixelBitDepth,0x7f5b20,companion/probe.go:313,present_not_equivalence_verified
companion/probe_source.go,main.(*App).mediaProbeLog,0x7f5dc0,companion/probe_source.go:42,present_not_equivalence_verified
companion/probe_source.go,main.probeHostSource,0x7f5e80,companion/probe_source.go:9,present_not_equivalence_verified
companion/proxy_client.go,main.(*proxyState).snapshot,0x7f6200,companion/proxy_client.go:12,present_not_equivalence_verified
companion/proxy_client.go,main.(*proxyState).replace,0x7f6480,companion/proxy_client.go:23,present_not_equivalence_verified
companion/proxy_client.go,main.newExternalClient,0x7f65e0,companion/proxy_client.go:35,present_not_equivalence_verified
companion/proxy_client.go,main.(*App).externalHTTPClient,0x7f6960,companion/proxy_client.go:60,present_not_equivalence_verified
companion/proxy_debug.go,main.(*App).proxyDebugEnabled,0x7f6fa0,companion/proxy_debug.go:19,present_not_equivalence_verified
companion/proxy_debug.go,main.debugSecret,0x7f7080,companion/proxy_debug.go:26,present_not_equivalence_verified
companion/proxy_debug.go,main.debugURL,0x7f7280,companion/proxy_debug.go:30,present_not_equivalence_verified
companion/proxy_debug.go,main.debugHeaders,0x7f7440,companion/proxy_debug.go:45,present_not_equivalence_verified
companion/proxy_debug.go,main.debugJSON,0x7f7a00,companion/proxy_debug.go:64,present_not_equivalence_verified
companion/proxy_debug.go,main.(*debugResponse).Unwrap,0x7f7d40,companion/proxy_debug.go:95,present_not_equivalence_verified
companion/proxy_debug.go,main.(*debugResponse).WriteHeader,0x7f7d60,companion/proxy_debug.go:96,present_not_equivalence_verified
companion/proxy_debug.go,main.(*debugResponse).Write,0x7f7de0,companion/proxy_debug.go:106,present_not_equivalence_verified
companion/proxy_debug.go,main.(*debugResponse).Flush,0x7f7f60,companion/proxy_debug.go:125,present_not_equivalence_verified
companion/proxy_debug.go,main.(*App).beginProxyDebug,0x7f8000,companion/proxy_debug.go:133,present_not_equivalence_verified
companion/proxy_debug.go,main.(*App).proxyDebugLogs,0x7f9040,companion/proxy_debug.go:183,present_not_equivalence_verified
companion/proxy_settings.go,main.(*App).loadProxySettings,0x7f96a0,companion/proxy_settings.go:23,present_not_equivalence_verified
companion/proxy_settings.go,main.validateProxy,0x7f99e0,companion/proxy_settings.go:45,present_not_equivalence_verified
companion/proxy_settings.go,main.(*App).proxySettingsAPI,0x7f9ca0,companion/proxy_settings.go:66,present_not_equivalence_verified
companion/proxy_settings.go,main.(*App).proxyTestAPI,0x7fa540,companion/proxy_settings.go:120,present_not_equivalence_verified
companion/redirect_log.go,main.recordSourceRedirect,0x7fabe0,companion/redirect_log.go:16,present_not_equivalence_verified
companion/redirect_log.go,main.(*App).beginRedirectLog,0x7fae80,companion/redirect_log.go:44,present_not_equivalence_verified
companion/redirect_log.go,main.redirectLogURL,0x7fbce0,companion/redirect_log.go:28,present_not_equivalence_verified
companion/refresh_metadata.go,main.(*App).refreshSidecar,0x7fbde0,companion/refresh_metadata.go:8,present_not_equivalence_verified
companion/release_update.go,main.compareReleaseVersions,0x7fc380,,missing
companion/release_update.go,main.(*releaseChecker).latest,0x7fc500,,missing
companion/release_update.go,main.(*releaseChecker).fetch,0x7fc860,,missing
companion/release_update.go,main.(*App).releaseUpdate,0x7fce20,,missing
companion/release_update.go,main.releaseControlRequest,0x7fd540,,missing
companion/release_update.go,main.startReleaseControl,0x7fd660,,missing
companion/release_update.go,main.releaseControlStatus,0x7fd820,,missing
companion/release_update.go,main.(*App).startReleaseUpdate,0x7fdc20,,missing
companion/release_update.go,main.(*App).releaseUpdateStatus,0x7fe440,,missing
companion/repair_behavior.go,main.(*App).mediaLabel,0x7feb60,companion/repair_behavior.go:15,present_not_equivalence_verified
companion/repair_behavior.go,main.(*App).scheduleNext,0x7feee0,companion/repair_behavior.go:34,present_not_equivalence_verified
companion/repair_behavior.go,main.probeTransientNetworkTimeout,0x7ff500,companion/repair_behavior.go:64,present_not_equivalence_verified
companion/repair_behavior.go,main.probeFailure,0x7ff5c0,companion/repair_behavior.go:77,present_not_equivalence_verified
companion/repair_behavior.go,main.(*App).loginSuccess,0x7ff880,companion/repair_behavior.go:91,present_not_equivalence_verified
companion/repair_behavior.go,main.(*clientTicks).UnmarshalJSON,0x7ffb80,companion/repair_behavior.go:106,present_not_equivalence_verified
companion/resume.go,main.resumeWinner,0x7ffc20,companion/resume.go:9,present_not_equivalence_verified
companion/resume.go,main.(*App).resumeSeriesID,0x7ffcc0,companion/resume.go:47,present_not_equivalence_verified
companion/resume.go,main.(*App).resumeDeleteRoute,0x7fff80,companion/resume.go:67,present_not_equivalence_verified
companion/resume_hide.go,main.(*App).resumeHideRoute,0x800ac0,companion/resume.go:109,present_not_equivalence_verified
companion/scan_control.go,main.(*App).scanControlAPI,0x801920,companion/scan_control.go:5,present_not_equivalence_verified
companion/scan_control.go,main.(*App).waitScan,0x801c00,companion/scan_control.go:28,present_not_equivalence_verified
companion/scanner.go,main.localInfo,0x801e40,companion/scanner.go:27,present_not_equivalence_verified
companion/scanner.go,main.(*App).scanAll,0x8027c0,companion/scanner.go:60,present_not_equivalence_verified
companion/scanner.go,main.(*App).libraryIDs,0x802820,companion/scanner.go:64,present_not_equivalence_verified
companion/scanner.go,main.(*App).scanLibrary,0x802980,companion/scanner.go:72,present_not_equivalence_verified
companion/scanner.go,main.(*App).scanLibraryMode,0x8029e0,companion/scanner.go:73,present_not_equivalence_verified
companion/scanner.go,main.(*App).scanLibraryScoped,0x802a40,companion/scanner.go:79,present_not_equivalence_verified
companion/scanner.go,main.boundedWalk,0x806be0,companion/scanner.go:383,present_not_equivalence_verified
companion/scraper.go,main.RegisterScraper,0x807160,companion/scraper.go:325,present_not_equivalence_verified
companion/scraper.go,main.lookupScraper,0x807320,companion/scraper.go:337,present_not_equivalence_verified
companion/scraper.go,main.(*App).scraperSettings,0x807480,companion/scraper.go:343,present_not_equivalence_verified
companion/scraper.go,main.validScraperConfig,0x807960,companion/scraper.go:366,present_not_equivalence_verified
companion/scraper.go,main.scraperFilename,0x807d40,companion/scraper.go:411,present_not_equivalence_verified
companion/scraper.go,main.scraperCandidates,0x808260,companion/scraper.go:443,present_not_equivalence_verified
companion/scraper.go,main.scraperAllowedTarget,0x809a20,companion/scraper.go:23,present_not_equivalence_verified
companion/scraper.go,main.scraperExistingTarget,0x809e00,companion/scraper.go:523,present_not_equivalence_verified
companion/scraper.go,main.scraperOpen,0x80a000,companion/scraper.go:611,present_not_equivalence_verified
companion/scraper.go,main.(*App).scraperRoot,0x80a3a0,companion/scraper.go:397,present_not_equivalence_verified
companion/scraper.go,main.scraperFileState,0x80a5a0,companion/scraper.go:505,present_not_equivalence_verified
companion/scraper.go,main.(*App).buildScraperPlan,0x80a7e0,companion/scraper.go:644,present_not_equivalence_verified
companion/scraper.go,main.(*App).buildScraperItems,0x80b260,companion/scraper.go:697,present_not_equivalence_verified
companion/scraper.go,main.(*App).scraperIgnore,0x80cd60,companion/scraper.go:536,present_not_equivalence_verified
companion/scraper.go,main.(*App).scraperSuppress,0x80d1a0,companion/scraper.go:558,present_not_equivalence_verified
companion/scraper.go,main.(*App).scraperWritten,0x80d500,companion/scraper.go:574,present_not_equivalence_verified
companion/scraper.go,main.(*App).runScraper,0x80d780,companion/scraper.go:829,present_not_equivalence_verified
companion/scraper.go,main.(*App).scrapeObject,0x80f080,companion/scraper.go:908,present_not_equivalence_verified
companion/scraper.go,main.(*App).scraperAdmin,0x814480,companion/scraper.go:45,present_not_equivalence_verified
companion/scraper.go,main.(*App).scraperSafeError,0x8177c0,companion/scraper.go:587,present_not_equivalence_verified
companion/scraper.go,main.scraperSanitize,0x817920,companion/scraper.go:594,present_not_equivalence_verified
companion/scraper_bangumi.go,main.(*App).bangumiRequest,0x817aa0,companion/scraper_bangumi.go:50,present_not_equivalence_verified
companion/scraper_control.go,main.(*scraperFileScope).contains,0x819260,companion/scraper_control.go:11,present_not_equivalence_verified
companion/scraper_control.go,main.(*App).scraperItemScope,0x819340,companion/scraper_control.go:30,present_not_equivalence_verified
companion/scraper_control.go,main.(*App).scraperFileScope,0x8196a0,companion/scraper_control.go:56,present_not_equivalence_verified
companion/scraper_control.go,main.(*App).scraperFileScopeIn,0x819720,companion/scraper_control.go:60,present_not_equivalence_verified
companion/scraper_control.go,main.(*App).waitScraper,0x819f40,companion/scraper_control.go:144,present_not_equivalence_verified
companion/scraper_control.go,main.(*App).scraperWaitState,0x81a180,companion/scraper_control.go:164,present_not_equivalence_verified
companion/scraper_control.go,main.(*App).scraperControl,0x81a480,companion/scraper_control.go:181,present_not_equivalence_verified
companion/scraper_fanart.go,main.(*App).scraperFanart,0x81a820,companion/scraper_fanart.go:19,present_not_equivalence_verified
companion/scraper_files.go,main.(*App).scraperWrite,0x81c320,companion/scraper_files.go:14,present_not_equivalence_verified
companion/scraper_files.go,main.scraperLibraryRoot,0x81d0e0,companion/scraper_files.go:120,present_not_equivalence_verified
companion/scraper_files.go,main.scraperFilesystemError,0x81d2a0,companion/scraper_files.go:133,present_not_equivalence_verified
companion/scraper_images.go,main.scraperImageBytes,0x81d6e0,companion/scraper_images.go:27,present_not_equivalence_verified
companion/scraper_images.go,main.scraperEncodeForPath,0x81d920,companion/scraper_images.go:48,present_not_equivalence_verified
companion/scraper_images.go,main.scraperValidateImage,0x81da80,companion/scraper_images.go:17,present_not_equivalence_verified
companion/scraper_language.go,main.scraperPreferences,0x81db80,companion/scraper_language.go:13,present_not_equivalence_verified
companion/scraper_language.go,main.(*App).scraperEndpoint,0x81e000,companion/scraper_language.go:44,present_not_equivalence_verified
companion/scraper_language.go,main.(*App).scraperOriginal,0x81e6a0,companion/scraper_language.go:80,present_not_equivalence_verified
companion/scraper_language.go,main.(*App).scraperMetadata,0x81e9c0,companion/scraper_language.go:96,present_not_equivalence_verified
companion/scraper_language.go,main.(*App).scraperPosterPath,0x81fe80,companion/scraper_language.go:196,present_not_equivalence_verified
companion/scraper_monitor.go,main.scraperDirectorySnapshot,0x820e60,companion/scraper_monitor.go:19,present_not_equivalence_verified
companion/scraper_monitor.go,main.(*App).scraperMonitorRoots,0x8217e0,companion/scraper_monitor.go:65,present_not_equivalence_verified
companion/scraper_monitor.go,main.(*App).monitorScraper,0x821cc0,companion/scraper_monitor.go:96,present_not_equivalence_verified
companion/scraper_monitor.go,main.(*App).scraperRecognizeDirectory,0x824820,companion/scraper_monitor.go:312,present_not_equivalence_verified
companion/scraper_monitor.go,main.(*App).scraperAutoDirectory,0x824da0,companion/scraper_monitor.go:342,present_not_equivalence_verified
companion/scraper_providers.go,main.validScraperSelection,0x8273c0,companion/scraper_providers.go:32,present_not_equivalence_verified
companion/scraper_providers.go,main.mergeScraperNFO,0x828400,companion/scraper_providers.go:140,present_not_equivalence_verified
companion/scraper_recognizer.go,main.RegisterMediaRecognizer,0x829140,companion/scraper_recognizer.go:71,present_not_equivalence_verified
companion/scraper_recognizer.go,main.recognizeMedia,0x8293e0,companion/scraper_recognizer.go:87,present_not_equivalence_verified
companion/scraper_recognizer.go,main.(*RuleBasedRecognizer).Name,0x829780,companion/scraper_recognizer.go:106,present_not_equivalence_verified
companion/scraper_recognizer.go,main.(*RuleBasedRecognizer).RegisterMatcher,0x8297a0,companion/scraper_recognizer.go:108,present_not_equivalence_verified
companion/scraper_recognizer.go,main.(*RuleBasedRecognizer).Recognize,0x829b40,companion/scraper_recognizer.go:127,present_not_equivalence_verified
companion/scraper_recognizer.go,main.scraperMediaFile,0x82a0a0,companion/scraper_recognizer.go:150,present_not_equivalence_verified
companion/scraper_recognizer.go,main.scraperSearchIdentity,0x82a2c0,companion/scraper_recognizer.go:295,present_not_equivalence_verified
companion/scraper_scopes.go,main.scraperScopeEnabled,0x82ac80,companion/scraper_scopes.go:15,present_not_equivalence_verified
companion/scraper_scopes.go,main.scraperScopePath,0x82b080,companion/scraper_scopes.go:39,present_not_equivalence_verified
companion/scraper_scopes.go,main.(*App).scraperScopeValid,0x82b4a0,companion/scraper_scopes.go:66,present_not_equivalence_verified
companion/scraper_scopes.go,main.(*App).sanitizeScraperScopes,0x82b6e0,companion/scraper_scopes.go:86,present_not_equivalence_verified
companion/scraper_scopes.go,main.(*App).sanitizeMonitorScopes,0x82bac0,companion/scraper_scopes.go:112,present_not_equivalence_verified
companion/scraper_scopes.go,main.(*App).scraperTree,0x82bcc0,companion/scraper_scopes.go:124,present_not_equivalence_verified
companion/scraper_scopes.go,main.(*App).scraperPhase,0x82cf80,companion/scraper_scopes.go:236,present_not_equivalence_verified
companion/scraper_tmdb.go,main.(*App).scraperDownloadArtwork,0x831e60,companion/scraper_tmdb.go:42,present_not_equivalence_verified
companion/scraper_tmdb.go,main.scraperTitleVariants,0x8326c0,companion/scraper_tmdb.go:79,present_not_equivalence_verified
companion/scraper_tmdb.go,main.scraperCandidateScore,0x832b20,companion/scraper_tmdb.go:120,present_not_equivalence_verified
companion/scraper_tmdb.go,main.scraperSelectCandidate,0x833040,companion/scraper_tmdb.go:180,present_not_equivalence_verified
companion/scraper_tmdb.go,main.(*App).scraperSearchTMDB,0x833480,companion/scraper_tmdb.go:237,present_not_equivalence_verified
companion/settings_secret.go,main.(*App).settingsSecret,0x833d20,companion/settings_secret.go:8,present_not_equivalence_verified
companion/snapshot.go,main.(*App).previousSnapshot,0x834200,companion/snapshot.go:18,present_not_equivalence_verified
companion/snapshot.go,main.sidecarFile,0x8343c0,companion/snapshot.go:32,present_not_equivalence_verified
companion/snapshot.go,main.changedSidecars,0x834480,companion/snapshot.go:39,present_not_equivalence_verified
companion/snapshot.go,main.dependencyChanged,0x8346a0,companion/snapshot.go:55,present_not_equivalence_verified
companion/snapshot.go,main.(*App).commitSnapshot,0x834760,companion/snapshot.go:63,present_not_equivalence_verified
companion/snapshot.go,main.seriesDirectory,0x835580,companion/snapshot.go:133,present_not_equivalence_verified
companion/snapshot.go,main.seasonPoster,0x835840,companion/snapshot.go:146,present_not_equivalence_verified
companion/snapshot.go,main.seriesFallbackPoster,0x835e40,companion/snapshot.go:167,present_not_equivalence_verified
companion/sorting.go,main.premiereDate,0x835fa0,companion/sorting.go:10,present_not_equivalence_verified
companion/sorting.go,main.(*App).sortSchema,0x836120,companion/sorting.go:20,present_not_equivalence_verified
companion/sorting.go,main.(*App).randomPage,0x836380,companion/browse_pagination.go:165,present_not_equivalence_verified
companion/sorting.go,main.(*App).backfillSortFields,0x837c80,companion/sorting.go:39,present_not_equivalence_verified
companion/source_redirect.go,main.sameSourceOrigin,0x837d20,companion/source_redirect.go:20,present_not_equivalence_verified
companion/source_redirect.go,main.fetchSourceRedirect,0x837de0,companion/source_redirect.go:29,present_not_equivalence_verified
companion/subtitle_activity.go,main.(*App).subtitleTaskKey,0x8384a0,companion/subtitle_activity.go:16,present_not_equivalence_verified
companion/subtitle_activity.go,main.(*App).subtitleTaskContext,0x838620,companion/subtitle_activity.go:23,present_not_equivalence_verified
companion/subtitle_activity.go,main.(*App).subtitleTaskLog,0x838a00,companion/subtitle_activity.go:32,present_not_equivalence_verified
companion/subtitle_assrt.go,main.subtitleOfficialURL,0x838ea0,companion/subtitle_assrt.go:25,present_not_equivalence_verified
companion/subtitle_assrt.go,main.(*App).subtitleRequest,0x838fc0,companion/subtitle_assrt.go:34,present_not_equivalence_verified
companion/subtitle_assrt.go,main.(*App).assrtAPI,0x839740,companion/subtitle_assrt.go:69,present_not_equivalence_verified
companion/subtitle_cache.go,main.(*App).subtitleClearCache,0x83a140,companion/subtitle_cache.go:246,present_not_equivalence_verified
companion/subtitle_match.go,main.subtitleTraditional,0x83adc0,companion/subtitle_match.go:29,present_not_equivalence_verified
companion/subtitle_match.go,main.subtitleSimplified,0x83af60,companion/subtitle_match.go:44,present_not_equivalence_verified
companion/subtitle_match.go,main.subtitleStreams,0x83b180,companion/subtitle_match.go:62,present_not_equivalence_verified
companion/subtitle_match.go,main.subtitleEmbeddedReason,0x83b220,companion/subtitle_match.go:74,present_not_equivalence_verified
companion/subtitle_match.go,main.subtitleNorm,0x83b480,companion/subtitle_match.go:95,present_not_equivalence_verified
companion/subtitle_match.go,main.subtitleRelease,0x83b500,companion/subtitle_match.go:99,present_not_equivalence_verified
companion/subtitle_match.go,main.subtitleTitle,0x83b6e0,companion/subtitle_match.go:112,present_not_equivalence_verified
companion/subtitle_match.go,main.subtitleEpisodeOK,0x83b940,companion/subtitle_match.go:133,present_not_equivalence_verified
companion/subtitle_match.go,main.subtitleScore,0x83bb80,companion/subtitle_match.go:151,present_not_equivalence_verified
companion/subtitle_match.go,main.subtitleRankedCandidates,0x83c120,companion/subtitle_match.go:209,present_not_equivalence_verified
companion/subtitle_match.go,main.subtitleFileLanguage,0x83ccc0,companion/subtitle_match.go:241,present_not_equivalence_verified
companion/subtitle_match.go,main.subtitleSelectFile,0x83cd40,companion/subtitle_match.go:251,present_not_equivalence_verified
companion/subtitle_match.go,main.subtitleContentLanguage,0x83d2e0,companion/subtitle_match.go:306,present_not_equivalence_verified
companion/subtitle_match.go,main.subtitlePayload,0x83d800,companion/subtitle_match.go:354,present_not_equivalence_verified
companion/subtitle_match.go,main.subtitleTextValid,0x83e120,companion/subtitle_match.go:286,present_not_equivalence_verified
companion/subtitle_media.go,main.subtitleMediaLocation,0x83e440,companion/subtitle_media.go:13,present_not_equivalence_verified
companion/subtitle_media.go,main.subtitleMediaHash,0x83e760,companion/subtitle_cache.go:228,present_not_equivalence_verified
companion/subtitle_media.go,main.subtitleReadMedia,0x83e860,companion/subtitle_media.go:36,present_not_equivalence_verified
companion/subtitle_media.go,main.subtitleWriteMedia,0x83f300,companion/subtitle_media.go:71,present_not_equivalence_verified
companion/subtitle_media.go,main.subtitleFileHash,0x8407e0,companion/subtitle_cache.go:233,present_not_equivalence_verified
companion/subtitle_settings.go,main.(*App).subtitleSettings,0x840840,companion/subtitle_settings.go:11,present_not_equivalence_verified
companion/subtitle_settings.go,main.(*App).subtitleSettingsAPI,0x840cc0,companion/subtitle_settings.go:42,present_not_equivalence_verified
companion/subtitles.go,main.subtitleFingerprint,0x841760,companion/subtitle_cache.go:31,present_not_equivalence_verified
companion/subtitles.go,main.subtitleKey,0x841940,companion/subtitle_cache.go:24,present_not_equivalence_verified
companion/subtitles.go,main.subtitleDirectory,0x841a80,companion/subtitle_cache.go:35,present_not_equivalence_verified
companion/subtitles.go,main.subtitleLogTitle,0x841b00,companion/subtitle_cache.go:37,present_not_equivalence_verified
companion/subtitles.go,main.subtitleRead,0x841cc0,companion/subtitle_cache.go:128,present_not_equivalence_verified
companion/subtitles.go,main.subtitleReadCache,0x842080,companion/subtitle_cache.go:100,present_not_equivalence_verified
companion/subtitles.go,main.subtitleWriteNamed,0x842c40,companion/subtitle_cache.go:135,present_not_equivalence_verified
companion/subtitles.go,main.subtitleRemove,0x843740,companion/subtitle_cache.go:182,present_not_equivalence_verified
companion/subtitles.go,main.(*App).subtitleIdentity,0x843da0,companion/subtitles.go:16,present_not_equivalence_verified
companion/subtitles.go,main.(*App).prepareSubtitles,0x844500,companion/subtitles.go:37,present_not_equivalence_verified
companion/subtitles.go,main.(*App).findSubtitle,0x844ec0,companion/subtitles.go:136,present_not_equivalence_verified
companion/subtitles.go,main.(*App).resolveSubtitles,0x846a40,companion/subtitles.go:83,present_not_equivalence_verified
companion/subtitles.go,main.(*App).appendSubtitles,0x847fe0,companion/subtitles.go:245,present_not_equivalence_verified
companion/subtitles.go,main.subtitleRouteParts,0x849180,companion/subtitles.go:274,present_not_equivalence_verified
companion/subtitles.go,main.(*App).cachedSubtitleIndex,0x849700,companion/subtitles.go:235,present_not_equivalence_verified
companion/subtitles.go,main.(*App).serveSubtitle,0x849a60,companion/subtitles.go:314,present_not_equivalence_verified
companion/subtitles.go,main.(*App).subtitleSession,0x84aae0,companion/subtitles.go:404,present_not_equivalence_verified
companion/telegram.go,main.(*App).telegramSettings,0x84b460,companion/telegram.go:20,present_not_equivalence_verified
companion/telegram.go,main.(*App).telegramAdmin,0x84b5a0,companion/telegram.go:36,present_not_equivalence_verified
companion/telegram.go,main.(*App).telegramTest,0x84bda0,companion/telegram.go:76,present_not_equivalence_verified
companion/telegram.go,main.(*App).telegramRequest,0x84c060,companion/telegram.go:90,present_not_equivalence_verified
companion/telegram.go,main.(*App).sendTelegram,0x84d6a0,companion/telegram.go:188,present_not_equivalence_verified
companion/telegram_notify.go,main.(*App).notify,0x84d920,companion/telegram_notify.go:17,present_not_equivalence_verified
companion/telegram_notify.go,main.(*App).drainNotifications,0x84e0e0,companion/telegram_notify.go:61,present_not_equivalence_verified
companion/telegram_notify.go,main.(*App).sendNotification,0x84f300,companion/telegram_notify.go:160,present_not_equivalence_verified
companion/telegram_notify.go,main.(*App).telegramLog,0x84f540,companion/telegram_notify.go:172,present_not_equivalence_verified
companion/telegram_notify.go,main.(*App).enrichNotification,0x84f820,companion/telegram_notify.go:190,present_not_equivalence_verified
companion/telegram_notify.go,main.(*App).notifyPlayback,0x850440,companion/telegram_notify.go:255,present_not_equivalence_verified
companion/telegram_notify.go,main.telegramRating,0x850b60,companion/telegram_notify.go:297,present_not_equivalence_verified
companion/telegram_notify.go,main.telegramMessage,0x850ce0,companion/telegram_notify.go:325,present_not_equivalence_verified
companion/thumbnails.go,main.serveThumbnail,0x852220,companion/thumbnails.go:33,present_not_equivalence_verified
companion/tmdb.go,main.(*App).tmdbSettings,0x853ce0,companion/tmdb.go:21,present_not_equivalence_verified
companion/tmdb.go,main.(*App).tmdbLock,0x853f80,companion/tmdb.go:41,present_not_equivalence_verified
companion/tmdb.go,main.(*App).tmdbUnlock,0x854140,companion/tmdb.go:53,present_not_equivalence_verified
companion/tmdb.go,main.(*App).tmdbAdmin,0x854180,companion/tmdb_admin.go:51,present_not_equivalence_verified
companion/tmdb.go,main.(*App).tmdbIdentity,0x855ac0,companion/tmdb.go:58,present_not_equivalence_verified
companion/tmdb.go,main.readTMDB,0x856880,companion/tmdb.go:346,present_not_equivalence_verified
companion/tmdb.go,main.writeTMDB,0x856ba0,companion/tmdb.go:381,present_not_equivalence_verified
companion/tmdb.go,main.(*App).tmdbGet,0x856f00,companion/tmdb.go:407,present_not_equivalence_verified
companion/tmdb.go,main.(*App).ensureTMDBRequest,0x857cc0,companion/tmdb.go:277,present_not_equivalence_verified
companion/tmdb.go,main.(*App).cachedTMDB,0x85aa80,companion/tmdb.go:364,present_not_equivalence_verified
companion/tmdb.go,main.(*App).enrichTMDB,0x85b0a0,companion/tmdb_enrich.go:5,present_not_equivalence_verified
companion/tmdb.go,main.tmdbArtwork,0x85b9a0,companion/tmdb.go:481,present_not_equivalence_verified
companion/tmdb.go,main.(*App).cachedTMDBImage,0x85ba60,companion/tmdb_demand.go:88,present_not_equivalence_verified
companion/tmdb_demand.go,main.(*App).tmdbImageEligible,0x85bf80,companion/tmdb_demand.go:17,present_not_equivalence_verified
companion/tmdb_demand.go,main.(*App).hasOwnLocalImage,0x85c120,companion/tmdb_demand.go:34,present_not_equivalence_verified
companion/tmdb_demand.go,main.(*App).needsTMDBDetail,0x85c9a0,companion/tmdb_demand.go:71,present_not_equivalence_verified
companion/tmdb_images.go,main.lockTMDBImage,0x85cdc0,companion/tmdb_images.go:43,present_not_equivalence_verified
companion/tmdb_images.go,main.(*App).serveTMDBImage,0x85d2c0,companion/tmdb_images.go:145,present_not_equivalence_verified
companion/tmdb_images.go,main.readArtworkCache,0x85dde0,companion/tmdb_images.go:82,present_not_equivalence_verified
companion/tmdb_images.go,main.writeArtworkCache,0x85e3e0,companion/tmdb_images.go:119,present_not_equivalence_verified
companion/user_avatar.go,main.(*App).userAvatar,0x85e680,companion/user_avatar.go:13,present_not_equivalence_verified
companion/user_delete.go,main.(*App).deleteUserCompletely,0x85f5c0,companion/user_delete.go:5,present_not_equivalence_verified
companion/user_identity.go,main.(*App).userIdentity,0x85fde0,companion/user_identity.go:9,present_not_equivalence_verified
companion/user_management.go,main.(*App).userManagement,0x8605e0,companion/user_management.go:23,present_not_equivalence_verified
companion/user_management.go,main.(*App).managedUserConfiguration,0x862540,companion/user_management.go:270,present_not_equivalence_verified
companion/user_management.go,main.(*App).managementSessions,0x862780,companion/user_management.go:286,present_not_equivalence_verified
companion/versions.go,main.(*App).versionGrouping,0x8634a0,companion/versions.go:20,present_not_equivalence_verified
companion/versions.go,main.(*App).versionGroupingFor,0x863540,companion/versions.go:24,present_not_equivalence_verified
companion/versions.go,main.(*App).versions,0x863c00,companion/versions.go:48,present_not_equivalence_verified
companion/versions.go,main.(*App).versionSources,0x864460,companion/versions.go:73,present_not_equivalence_verified
companion/watcher.go,main.(*App).watchDelay,0x864a00,companion/watcher.go:15,present_not_equivalence_verified
companion/watcher.go,main.(*App).watchMedia,0x864ac0,companion/watcher.go:31,present_not_equivalence_verified
companion/watcher.go,main.(*App).watchMediaContext,0x864b00,companion/watcher.go:32,present_not_equivalence_verified
companion/watcher.go,main.(*App).refreshMediaPaths,0x8668e0,companion/watcher.go:25,present_not_equivalence_verified
companion/web_assets.go,main.(*App).webAssetRoute,0x8669a0,companion/web_assets.go:14,present_not_equivalence_verified
